{
    "message": "",
    "status": "1",
    "result": {
        "total_price": 0,
        "checked": false,
        "proList": [{
        	"id":1,
            "image_url": "../static/images/02-produit-A.jpg",
            "title": "可可小姐香水",
            "price": 100,
            "attr": "玫瑰香，10ml",
            "amount": 1

        }, {
        	"id":2,
            "image_url": "../static/images/02-produit-A.jpg",
            "title": "可可小姐香水",
            "price": 500,
            "attr": "茉莉香，50ml",
            "amount": 2

        }, {
        	"id":3,
            "image_url": "../static/images/02-produit-B.jpg",
            "title": "可可小姐柔肤润体乳",
            "price": 150,
            "attr": "柠檬味，750ml",
            "amount": 1

        }]
    }
}
