{
	"image_url": "../static/images/02-produit-C.jpg",
	"title":"可可小姐唇膏水亮系列",
	"price": [100],
	"sale": "560",
	"detailImg":["../static/images/detail1.jpg","../static/images/detail2.jpg","../static/images/detail3.jpg"],
	"attr":[
		{
			"id": "fragrance",
			"attrTitle": "香味种类",
			"attrSelect":[
				{
					"id":1,
					"name":"薰衣草",
					"active":false
				},
				{
					"id":2,
					"name":"玫瑰香",
					"active":false
				},
				{
					"id":3,
					"name":"茉莉香",
					"active":false
				}
			]
		}
	]
}