{

	"image_url": "../static/images/02-produit-A.jpg",
	"title":"可可小姐香水",
	"price": [100,200,500],
	"sale": "1000",
	"detailImg":["../static/images/detail1.jpg","../static/images/detail2.jpg","../static/images/detail3.jpg"],
	"attr":[
		{
			"id": "fragrance",
			"attrTitle": "香味种类",
			"attrSelect":[
				{
					"id":1,
					"name":"薰衣草",
					"active":false
				},
				{
					"id":2,
					"name":"玫瑰香",
					"active":false
				},
				{
					"id":3,
					"name":"茉莉香",
					"active":false
				}
			]
		},
		{
			"id": "size",
			"attrTitle": "容量选择",
			"attrSelect": [
				{
					"id":11,
					"name":"10ml",
					"active":false
				},
				{
					"id":12,
					"name":"20ml",
					"active":false
				},
				{
					"id":13,
					"name":"50ml",
					"active":false
				}
			]
		}
	]
}