[
	{
		"proID":"1",
		"image_url":"../static/images/02-produit-A.jpg",
		"title":"可可小姐香水",
		"content":"独具个性、清新迷人的东方调。"
	},
	{
		"proID":"2",
		"image_url": "../static/images/02-produit-B.jpg",
		"title":"可可小姐柔肤润体乳",
		"content":"迷上肌肤柔润触感。"
	},
	{
		"proID":"3",
		"image_url":"./static/images/02-produit-C.jpg",
		"title":"可可小姐唇膏水亮系列",
		"content":"无拘无束绽放灿烂笑容。"
	}
]